table_catalog,table_schema,table_name,column_name,ordinal_position,column_default,is_nullable,data_type,character_maximum_length,character_octet_length,numeric_precision,numeric_precision_radix,numeric_scale,datetime_precision,interval_type,interval_precision,character_set_catalog,character_set_schema,character_set_name,collation_catalog,collation_schema,collation_name,domain_catalog,domain_schema,domain_name,udt_catalog,udt_schema,udt_name,scope_catalog,scope_schema,scope_name,maximum_cardinality,dtd_identifier,is_self_referencing,is_identity,identity_generation,identity_start,identity_increment,identity_maximum,identity_minimum,identity_cycle,is_generated,generation_expression,is_updatable
postgres,auth,mfa_factors,web_authn_aaguid,12,null,YES,uuid,null,null,null,null,null,null,null,null,null,null,null,null,null,null,null,null,null,postgres,pg_catalog,uuid,null,null,null,null,12,NO,NO,null,null,null,null,null,NO,NEVER,null,YES
postgres,auth,mfa_challenges,web_authn_session_data,7,null,YES,jsonb,null,null,null,null,null,null,null,null,null,null,null,null,null,null,null,null,null,postgres,pg_catalog,jsonb,null,null,null,null,7,NO,NO,null,null,null,null,null,NO,NEVER,null,YES
postgres,auth,saml_relay_states,id,1,null,NO,uuid,null,null,null,null,null,null,null,null,null,null,null,null,null,null,null,null,null,postgres,pg_catalog,uuid,null,null,null,null,1,NO,NO,null,null,null,null,null,NO,NEVER,null,YES
postgres,auth,saml_relay_states,sso_provider_id,2,null,NO,uuid,null,null,null,null,null,null,null,null,null,null,null,null,null,null,null,null,null,postgres,pg_catalog,uuid,null,null,null,null,2,NO,NO,null,null,null,null,null,NO,NEVER,null,YES
postgres,auth,saml_relay_states,created_at,7,null,YES,timestamp with time zone,null,null,null,null,null,6,null,null,null,null,null,null,null,null,null,null,null,postgres,pg_catalog,timestamptz,null,null,null,null,7,NO,NO,null,null,null,null,null,NO,NEVER,null,YES
postgres,auth,saml_relay_states,updated_at,8,null,YES,timestamp with time zone,null,null,null,null,null,6,null,null,null,null,null,null,null,null,null,null,null,postgres,pg_catalog,timestamptz,null,null,null,null,8,NO,NO,null,null,null,null,null,NO,NEVER,null,YES
postgres,auth,saml_relay_states,flow_state_id,9,null,YES,uuid,null,null,null,null,null,null,null,null,null,null,null,null,null,null,null,null,null,postgres,pg_catalog,uuid,null,null,null,null,9,NO,NO,null,null,null,null,null,NO,NEVER,null,YES
postgres,auth,refresh_tokens,instance_id,1,null,YES,uuid,null,null,null,null,null,null,null,null,null,null,null,null,null,null,null,null,null,postgres,pg_catalog,uuid,null,null,null,null,1,NO,NO,null,null,null,null,null,NO,NEVER,null,YES
postgres,auth,refresh_tokens,id,2,nextval('auth.refresh_tokens_id_seq'::regclass),NO,bigint,null,null,64,2,0,null,null,null,null,null,null,null,null,null,null,null,null,postgres,pg_catalog,int8,null,null,null,null,2,NO,NO,null,null,null,null,null,NO,NEVER,null,YES
postgres,auth,refresh_tokens,revoked,5,null,YES,boolean,null,null,null,null,null,null,null,null,null,null,null,null,null,null,null,null,null,postgres,pg_catalog,bool,null,null,null,null,5,NO,NO,null,null,null,null,null,NO,NEVER,null,YES
postgres,auth,refresh_tokens,created_at,6,null,YES,timestamp with time zone,null,null,null,null,null,6,null,null,null,null,null,null,null,null,null,null,null,postgres,pg_catalog,timestamptz,null,null,null,null,6,NO,NO,null,null,null,null,null,NO,NEVER,null,YES
postgres,auth,refresh_tokens,updated_at,7,null,YES,timestamp with time zone,null,null,null,null,null,6,null,null,null,null,null,null,null,null,null,null,null,postgres,pg_catalog,timestamptz,null,null,null,null,7,NO,NO,null,null,null,null,null,NO,NEVER,null,YES
postgres,auth,refresh_tokens,session_id,9,null,YES,uuid,null,null,null,null,null,null,null,null,null,null,null,null,null,null,null,null,null,postgres,pg_catalog,uuid,null,null,null,null,9,NO,NO,null,null,null,null,null,NO,NEVER,null,YES
postgres,auth,sessions,id,1,null,NO,uuid,null,null,null,null,null,null,null,null,null,null,null,null,null,null,null,null,null,postgres,pg_catalog,uuid,null,null,null,null,1,NO,NO,null,null,null,null,null,NO,NEVER,null,YES
postgres,auth,sessions,user_id,2,null,NO,uuid,null,null,null,null,null,null,null,null,null,null,null,null,null,null,null,null,null,postgres,pg_catalog,uuid,null,null,null,null,2,NO,NO,null,null,null,null,null,NO,NEVER,null,YES
postgres,auth,sessions,created_at,3,null,YES,timestamp with time zone,null,null,null,null,null,6,null,null,null,null,null,null,null,null,null,null,null,postgres,pg_catalog,timestamptz,null,null,null,null,3,NO,NO,null,null,null,null,null,NO,NEVER,null,YES
postgres,auth,sessions,updated_at,4,null,YES,timestamp with time zone,null,null,null,null,null,6,null,null,null,null,null,null,null,null,null,null,null,postgres,pg_catalog,timestamptz,null,null,null,null,4,NO,NO,null,null,null,null,null,NO,NEVER,null,YES
postgres,auth,sessions,factor_id,5,null,YES,uuid,null,null,null,null,null,null,null,null,null,null,null,null,null,null,null,null,null,postgres,pg_catalog,uuid,null,null,null,null,5,NO,NO,null,null,null,null,null,NO,NEVER,null,YES
postgres,auth,sessions,aal,6,null,YES,USER-DEFINED,null,null,null,null,null,null,null,null,null,null,null,null,null,null,null,null,null,postgres,auth,aal_level,null,null,null,null,6,NO,NO,null,null,null,null,null,NO,NEVER,null,YES
postgres,auth,sessions,not_after,7,null,YES,timestamp with time zone,null,null,null,null,null,6,null,null,null,null,null,null,null,null,null,null,null,postgres,pg_catalog,timestamptz,null,null,null,null,7,NO,NO,null,null,null,null,null,NO,NEVER,null,YES
postgres,auth,sessions,refreshed_at,8,null,YES,timestamp without time zone,null,null,null,null,null,6,null,null,null,null,null,null,null,null,null,null,null,postgres,pg_catalog,timestamp,null,null,null,null,8,NO,NO,null,null,null,null,null,NO,NEVER,null,YES
postgres,auth,sessions,ip,10,null,YES,inet,null,null,null,null,null,null,null,null,null,null,null,null,null,null,null,null,null,postgres,pg_catalog,inet,null,null,null,null,10,NO,NO,null,null,null,null,null,NO,NEVER,null,YES
postgres,auth,saml_providers,id,1,null,NO,uuid,null,null,null,null,null,null,null,null,null,null,null,null,null,null,null,null,null,postgres,pg_catalog,uuid,null,null,null,null,1,NO,NO,null,null,null,null,null,NO,NEVER,null,YES
postgres,auth,saml_providers,sso_provider_id,2,null,NO,uuid,null,null,null,null,null,null,null,null,null,null,null,null,null,null,null,null,null,postgres,pg_catalog,uuid,null,null,null,null,2,NO,NO,null,null,null,null,null,NO,NEVER,null,YES
postgres,auth,saml_providers,attribute_mapping,6,null,YES,jsonb,null,null,null,null,null,null,null,null,null,null,null,null,null,null,null,null,null,postgres,pg_catalog,jsonb,null,null,null,null,6,NO,NO,null,null,null,null,null,NO,NEVER,null,YES
postgres,auth,saml_providers,created_at,7,null,YES,timestamp with time zone,null,null,null,null,null,6,null,null,null,null,null,null,null,null,null,null,null,postgres,pg_catalog,timestamptz,null,null,null,null,7,NO,NO,null,null,null,null,null,NO,NEVER,null,YES
postgres,auth,saml_providers,updated_at,8,null,YES,timestamp with time zone,null,null,null,null,null,6,null,null,null,null,null,null,null,null,null,null,null,postgres,pg_catalog,timestamptz,null,null,null,null,8,NO,NO,null,null,null,null,null,NO,NEVER,null,YES
postgres,auth,flow_state,id,1,null,NO,uuid,null,null,null,null,null,null,null,null,null,null,null,null,null,null,null,null,null,postgres,pg_catalog,uuid,null,null,null,null,1,NO,NO,null,null,null,null,null,NO,NEVER,null,YES
postgres,auth,flow_state,user_id,2,null,YES,uuid,null,null,null,null,null,null,null,null,null,null,null,null,null,null,null,null,null,postgres,pg_catalog,uuid,null,null,null,null,2,NO,NO,null,null,null,null,null,NO,NEVER,null,YES
postgres,auth,flow_state,code_challenge_method,4,null,NO,USER-DEFINED,null,null,null,null,null,null,null,null,null,null,null,null,null,null,null,null,null,postgres,auth,code_challenge_method,null,null,null,null,4,NO,NO,null,null,null,null,null,NO,NEVER,null,YES
postgres,auth,flow_state,created_at,9,null,YES,timestamp with time zone,null,null,null,null,null,6,null,null,null,null,null,null,null,null,null,null,null,postgres,pg_catalog,timestamptz,null,null,null,null,9,NO,NO,null,null,null,null,null,NO,NEVER,null,YES
postgres,auth,flow_state,updated_at,10,null,YES,timestamp with time zone,null,null,null,null,null,6,null,null,null,null,null,null,null,null,null,null,null,postgres,pg_catalog,timestamptz,null,null,null,null,10,NO,NO,null,null,null,null,null,NO,NEVER,null,YES
postgres,auth,flow_state,auth_code_issued_at,12,null,YES,timestamp with time zone,null,null,null,null,null,6,null,null,null,null,null,null,null,null,null,null,null,postgres,pg_catalog,timestamptz,null,null,null,null,12,NO,NO,null,null,null,null,null,NO,NEVER,null,YES
postgres,auth,one_time_tokens,id,1,null,NO,uuid,null,null,null,null,null,null,null,null,null,null,null,null,null,null,null,null,null,postgres,pg_catalog,uuid,null,null,null,null,1,NO,NO,null,null,null,null,null,NO,NEVER,null,YES
postgres,auth,one_time_tokens,user_id,2,null,NO,uuid,null,null,null,null,null,null,null,null,null,null,null,null,null,null,null,null,null,postgres,pg_catalog,uuid,null,null,null,null,2,NO,NO,null,null,null,null,null,NO,NEVER,null,YES
postgres,auth,one_time_tokens,token_type,3,null,NO,USER-DEFINED,null,null,null,null,null,null,null,null,null,null,null,null,null,null,null,null,null,postgres,auth,one_time_token_type,null,null,null,null,3,NO,NO,null,null,null,null,null,NO,NEVER,null,YES
postgres,auth,one_time_tokens,created_at,6,now(),NO,timestamp without time zone,null,null,null,null,null,6,null,null,null,null,null,null,null,null,null,null,null,postgres,pg_catalog,timestamp,null,null,null,null,6,NO,NO,null,null,null,null,null,NO,NEVER,null,YES
postgres,auth,one_time_tokens,updated_at,7,now(),NO,timestamp without time zone,null,null,null,null,null,6,null,null,null,null,null,null,null,null,null,null,null,postgres,pg_catalog,timestamp,null,null,null,null,7,NO,NO,null,null,null,null,null,NO,NEVER,null,YES
postgres,auth,mfa_factors,id,1,null,NO,uuid,null,null,null,null,null,null,null,null,null,null,null,null,null,null,null,null,null,postgres,pg_catalog,uuid,null,null,null,null,1,NO,NO,null,null,null,null,null,NO,NEVER,null,YES
postgres,auth,mfa_factors,user_id,2,null,NO,uuid,null,null,null,null,null,null,null,null,null,null,null,null,null,null,null,null,null,postgres,pg_catalog,uuid,null,null,null,null,2,NO,NO,null,null,null,null,null,NO,NEVER,null,YES
postgres,auth,mfa_factors,factor_type,4,null,NO,USER-DEFINED,null,null,null,null,null,null,null,null,null,null,null,null,null,null,null,null,null,postgres,auth,factor_type,null,null,null,null,4,NO,NO,null,null,null,null,null,NO,NEVER,null,YES
postgres,auth,mfa_factors,status,5,null,NO,USER-DEFINED,null,null,null,null,null,null,null,null,null,null,null,null,null,null,null,null,null,postgres,auth,factor_status,null,null,null,null,5,NO,NO,null,null,null,null,null,NO,NEVER,null,YES
postgres,auth,mfa_factors,created_at,6,null,NO,timestamp with time zone,null,null,null,null,null,6,null,null,null,null,null,null,null,null,null,null,null,postgres,pg_catalog,timestamptz,null,null,null,null,6,NO,NO,null,null,null,null,null,NO,NEVER,null,YES
postgres,auth,mfa_factors,updated_at,7,null,NO,timestamp with time zone,null,null,null,null,null,6,null,null,null,null,null,null,null,null,null,null,null,postgres,pg_catalog,timestamptz,null,null,null,null,7,NO,NO,null,null,null,null,null,NO,NEVER,null,YES
postgres,auth,mfa_factors,last_challenged_at,10,null,YES,timestamp with time zone,null,null,null,null,null,6,null,null,null,null,null,null,null,null,null,null,null,postgres,pg_catalog,timestamptz,null,null,null,null,10,NO,NO,null,null,null,null,null,NO,NEVER,null,YES
postgres,auth,mfa_factors,web_authn_credential,11,null,YES,jsonb,null,null,null,null,null,null,null,null,null,null,null,null,null,null,null,null,null,postgres,pg_catalog,jsonb,null,null,null,null,11,NO,NO,null,null,null,null,null,NO,NEVER,null,YES
postgres,auth,sso_providers,id,1,null,NO,uuid,null,null,null,null,null,null,null,null,null,null,null,null,null,null,null,null,null,postgres,pg_catalog,uuid,null,null,null,null,1,NO,NO,null,null,null,null,null,NO,NEVER,null,YES
postgres,auth,sso_providers,created_at,3,null,YES,timestamp with time zone,null,null,null,null,null,6,null,null,null,null,null,null,null,null,null,null,null,postgres,pg_catalog,timestamptz,null,null,null,null,3,NO,NO,null,null,null,null,null,NO,NEVER,null,YES
postgres,auth,sso_providers,updated_at,4,null,YES,timestamp with time zone,null,null,null,null,null,6,null,null,null,null,null,null,null,null,null,null,null,postgres,pg_catalog,timestamptz,null,null,null,null,4,NO,NO,null,null,null,null,null,NO,NEVER,null,YES
postgres,auth,sso_domains,id,1,null,NO,uuid,null,null,null,null,null,null,null,null,null,null,null,null,null,null,null,null,null,postgres,pg_catalog,uuid,null,null,null,null,1,NO,NO,null,null,null,null,null,NO,NEVER,null,YES
postgres,auth,sso_domains,sso_provider_id,2,null,NO,uuid,null,null,null,null,null,null,null,null,null,null,null,null,null,null,null,null,null,postgres,pg_catalog,uuid,null,null,null,null,2,NO,NO,null,null,null,null,null,NO,NEVER,null,YES
postgres,auth,sso_domains,created_at,4,null,YES,timestamp with time zone,null,null,null,null,null,6,null,null,null,null,null,null,null,null,null,null,null,postgres,pg_catalog,timestamptz,null,null,null,null,4,NO,NO,null,null,null,null,null,NO,NEVER,null,YES
postgres,auth,sso_domains,updated_at,5,null,YES,timestamp with time zone,null,null,null,null,null,6,null,null,null,null,null,null,null,null,null,null,null,postgres,pg_catalog,timestamptz,null,null,null,null,5,NO,NO,null,null,null,null,null,NO,NEVER,null,YES
postgres,auth,mfa_amr_claims,session_id,1,null,NO,uuid,null,null,null,null,null,null,null,null,null,null,null,null,null,null,null,null,null,postgres,pg_catalog,uuid,null,null,null,null,1,NO,NO,null,null,null,null,null,NO,NEVER,null,YES
postgres,auth,mfa_amr_claims,created_at,2,null,NO,timestamp with time zone,null,null,null,null,null,6,null,null,null,null,null,null,null,null,null,null,null,postgres,pg_catalog,timestamptz,null,null,null,null,2,NO,NO,null,null,null,null,null,NO,NEVER,null,YES
postgres,auth,mfa_amr_claims,updated_at,3,null,NO,timestamp with time zone,null,null,null,null,null,6,null,null,null,null,null,null,null,null,null,null,null,postgres,pg_catalog,timestamptz,null,null,null,null,3,NO,NO,null,null,null,null,null,NO,NEVER,null,YES
postgres,auth,mfa_amr_claims,id,5,null,NO,uuid,null,null,null,null,null,null,null,null,null,null,null,null,null,null,null,null,null,postgres,pg_catalog,uuid,null,null,null,null,5,NO,NO,null,null,null,null,null,NO,NEVER,null,YES
postgres,auth,instances,id,1,null,NO,uuid,null,null,null,null,null,null,null,null,null,null,null,null,null,null,null,null,null,postgres,pg_catalog,uuid,null,null,null,null,1,NO,NO,null,null,null,null,null,NO,NEVER,null,YES
postgres,auth,instances,uuid,2,null,YES,uuid,null,null,null,null,null,null,null,null,null,null,null,null,null,null,null,null,null,postgres,pg_catalog,uuid,null,null,null,null,2,NO,NO,null,null,null,null,null,NO,NEVER,null,YES
postgres,auth,instances,created_at,4,null,YES,timestamp with time zone,null,null,null,null,null,6,null,null,null,null,null,null,null,null,null,null,null,postgres,pg_catalog,timestamptz,null,null,null,null,4,NO,NO,null,null,null,null,null,NO,NEVER,null,YES
postgres,auth,instances,updated_at,5,null,YES,timestamp with time zone,null,null,null,null,null,6,null,null,null,null,null,null,null,null,null,null,null,postgres,pg_catalog,timestamptz,null,null,null,null,5,NO,NO,null,null,null,null,null,NO,NEVER,null,YES
postgres,auth,users,instance_id,1,null,YES,uuid,null,null,null,null,null,null,null,null,null,null,null,null,null,null,null,null,null,postgres,pg_catalog,uuid,null,null,null,null,1,NO,NO,null,null,null,null,null,NO,NEVER,null,YES
postgres,auth,users,id,2,null,NO,uuid,null,null,null,null,null,null,null,null,null,null,null,null,null,null,null,null,null,postgres,pg_catalog,uuid,null,null,null,null,2,NO,NO,null,null,null,null,null,NO,NEVER,null,YES
postgres,auth,users,email_confirmed_at,7,null,YES,timestamp with time zone,null,null,null,null,null,6,null,null,null,null,null,null,null,null,null,null,null,postgres,pg_catalog,timestamptz,null,null,null,null,7,NO,NO,null,null,null,null,null,NO,NEVER,null,YES
postgres,auth,users,invited_at,8,null,YES,timestamp with time zone,null,null,null,null,null,6,null,null,null,null,null,null,null,null,null,null,null,postgres,pg_catalog,timestamptz,null,null,null,null,8,NO,NO,null,null,null,null,null,NO,NEVER,null,YES
postgres,auth,users,confirmation_sent_at,10,null,YES,timestamp with time zone,null,null,null,null,null,6,null,null,null,null,null,null,null,null,null,null,null,postgres,pg_catalog,timestamptz,null,null,null,null,10,NO,NO,null,null,null,null,null,NO,NEVER,null,YES
postgres,auth,users,recovery_sent_at,12,null,YES,timestamp with time zone,null,null,null,null,null,6,null,null,null,null,null,null,null,null,null,null,null,postgres,pg_catalog,timestamptz,null,null,null,null,12,NO,NO,null,null,null,null,null,NO,NEVER,null,YES
postgres,auth,users,email_change_sent_at,15,null,YES,timestamp with time zone,null,null,null,null,null,6,null,null,null,null,null,null,null,null,null,null,null,postgres,pg_catalog,timestamptz,null,null,null,null,15,NO,NO,null,null,null,null,null,NO,NEVER,null,YES
postgres,auth,users,last_sign_in_at,16,null,YES,timestamp with time zone,null,null,null,null,null,6,null,null,null,null,null,null,null,null,null,null,null,postgres,pg_catalog,timestamptz,null,null,null,null,16,NO,NO,null,null,null,null,null,NO,NEVER,null,YES
postgres,auth,users,raw_app_meta_data,17,null,YES,jsonb,null,null,null,null,null,null,null,null,null,null,null,null,null,null,null,null,null,postgres,pg_catalog,jsonb,null,null,null,null,17,NO,NO,null,null,null,null,null,NO,NEVER,null,YES
postgres,auth,users,raw_user_meta_data,18,null,YES,jsonb,null,null,null,null,null,null,null,null,null,null,null,null,null,null,null,null,null,postgres,pg_catalog,jsonb,null,null,null,null,18,NO,NO,null,null,null,null,null,NO,NEVER,null,YES
postgres,auth,users,is_super_admin,19,null,YES,boolean,null,null,null,null,null,null,null,null,null,null,null,null,null,null,null,null,null,postgres,pg_catalog,bool,null,null,null,null,19,NO,NO,null,null,null,null,null,NO,NEVER,null,YES
postgres,auth,users,created_at,20,null,YES,timestamp with time zone,null,null,null,null,null,6,null,null,null,null,null,null,null,null,null,null,null,postgres,pg_catalog,timestamptz,null,null,null,null,20,NO,NO,null,null,null,null,null,NO,NEVER,null,YES
postgres,auth,users,updated_at,21,null,YES,timestamp with time zone,null,null,null,null,null,6,null,null,null,null,null,null,null,null,null,null,null,postgres,pg_catalog,timestamptz,null,null,null,null,21,NO,NO,null,null,null,null,null,NO,NEVER,null,YES
postgres,auth,users,phone_confirmed_at,23,null,YES,timestamp with time zone,null,null,null,null,null,6,null,null,null,null,null,null,null,null,null,null,null,postgres,pg_catalog,timestamptz,null,null,null,null,23,NO,NO,null,null,null,null,null,NO,NEVER,null,YES
postgres,auth,users,phone_change_sent_at,26,null,YES,timestamp with time zone,null,null,null,null,null,6,null,null,null,null,null,null,null,null,null,null,null,postgres,pg_catalog,timestamptz,null,null,null,null,26,NO,NO,null,null,null,null,null,NO,NEVER,null,YES
postgres,auth,users,confirmed_at,27,null,YES,timestamp with time zone,null,null,null,null,null,6,null,null,null,null,null,null,null,null,null,null,null,postgres,pg_catalog,timestamptz,null,null,null,null,27,NO,NO,null,null,null,null,null,NO,ALWAYS,"LEAST(email_confirmed_at, phone_confirmed_at)",YES
postgres,auth,users,email_change_confirm_status,29,0,YES,smallint,null,null,16,2,0,null,null,null,null,null,null,null,null,null,null,null,null,postgres,pg_catalog,int2,null,null,null,null,29,NO,NO,null,null,null,null,null,NO,NEVER,null,YES
postgres,auth,users,banned_until,30,null,YES,timestamp with time zone,null,null,null,null,null,6,null,null,null,null,null,null,null,null,null,null,null,postgres,pg_catalog,timestamptz,null,null,null,null,30,NO,NO,null,null,null,null,null,NO,NEVER,null,YES
postgres,auth,users,reauthentication_sent_at,32,null,YES,timestamp with time zone,null,null,null,null,null,6,null,null,null,null,null,null,null,null,null,null,null,postgres,pg_catalog,timestamptz,null,null,null,null,32,NO,NO,null,null,null,null,null,NO,NEVER,null,YES
postgres,auth,users,is_sso_user,33,false,NO,boolean,null,null,null,null,null,null,null,null,null,null,null,null,null,null,null,null,null,postgres,pg_catalog,bool,null,null,null,null,33,NO,NO,null,null,null,null,null,NO,NEVER,null,YES
postgres,auth,users,deleted_at,34,null,YES,timestamp with time zone,null,null,null,null,null,6,null,null,null,null,null,null,null,null,null,null,null,postgres,pg_catalog,timestamptz,null,null,null,null,34,NO,NO,null,null,null,null,null,NO,NEVER,null,YES
postgres,auth,users,is_anonymous,35,false,NO,boolean,null,null,null,null,null,null,null,null,null,null,null,null,null,null,null,null,null,postgres,pg_catalog,bool,null,null,null,null,35,NO,NO,null,null,null,null,null,NO,NEVER,null,YES
postgres,auth,identities,user_id,2,null,NO,uuid,null,null,null,null,null,null,null,null,null,null,null,null,null,null,null,null,null,postgres,pg_catalog,uuid,null,null,null,null,2,NO,NO,null,null,null,null,null,NO,NEVER,null,YES
postgres,auth,identities,identity_data,3,null,NO,jsonb,null,null,null,null,null,null,null,null,null,null,null,null,null,null,null,null,null,postgres,pg_catalog,jsonb,null,null,null,null,3,NO,NO,null,null,null,null,null,NO,NEVER,null,YES
postgres,auth,identities,last_sign_in_at,5,null,YES,timestamp with time zone,null,null,null,null,null,6,null,null,null,null,null,null,null,null,null,null,null,postgres,pg_catalog,timestamptz,null,null,null,null,5,NO,NO,null,null,null,null,null,NO,NEVER,null,YES
postgres,auth,identities,created_at,6,null,YES,timestamp with time zone,null,null,null,null,null,6,null,null,null,null,null,null,null,null,null,null,null,postgres,pg_catalog,timestamptz,null,null,null,null,6,NO,NO,null,null,null,null,null,NO,NEVER,null,YES
postgres,auth,identities,updated_at,7,null,YES,timestamp with time zone,null,null,null,null,null,6,null,null,null,null,null,null,null,null,null,null,null,postgres,pg_catalog,timestamptz,null,null,null,null,7,NO,NO,null,null,null,null,null,NO,NEVER,null,YES
postgres,auth,identities,id,9,gen_random_uuid(),NO,uuid,null,null,null,null,null,null,null,null,null,null,null,null,null,null,null,null,null,postgres,pg_catalog,uuid,null,null,null,null,9,NO,NO,null,null,null,null,null,NO,NEVER,null,YES
postgres,auth,audit_log_entries,instance_id,1,null,YES,uuid,null,null,null,null,null,null,null,null,null,null,null,null,null,null,null,null,null,postgres,pg_catalog,uuid,null,null,null,null,1,NO,NO,null,null,null,null,null,NO,NEVER,null,YES
postgres,auth,audit_log_entries,id,2,null,NO,uuid,null,null,null,null,null,null,null,null,null,null,null,null,null,null,null,null,null,postgres,pg_catalog,uuid,null,null,null,null,2,NO,NO,null,null,null,null,null,NO,NEVER,null,YES
postgres,auth,audit_log_entries,payload,3,null,YES,json,null,null,null,null,null,null,null,null,null,null,null,null,null,null,null,null,null,postgres,pg_catalog,json,null,null,null,null,3,NO,NO,null,null,null,null,null,NO,NEVER,null,YES
postgres,auth,audit_log_entries,created_at,4,null,YES,timestamp with time zone,null,null,null,null,null,6,null,null,null,null,null,null,null,null,null,null,null,postgres,pg_catalog,timestamptz,null,null,null,null,4,NO,NO,null,null,null,null,null,NO,NEVER,null,YES
postgres,auth,mfa_challenges,id,1,null,NO,uuid,null,null,null,null,null,null,null,null,null,null,null,null,null,null,null,null,null,postgres,pg_catalog,uuid,null,null,null,null,1,NO,NO,null,null,null,null,null,NO,NEVER,null,YES
postgres,auth,mfa_challenges,factor_id,2,null,NO,uuid,null,null,null,null,null,null,null,null,null,null,null,null,null,null,null,null,null,postgres,pg_catalog,uuid,null,null,null,null,2,NO,NO,null,null,null,null,null,NO,NEVER,null,YES
postgres,auth,mfa_challenges,created_at,3,null,NO,timestamp with time zone,null,null,null,null,null,6,null,null,null,null,null,null,null,null,null,null,null,postgres,pg_catalog,timestamptz,null,null,null,null,3,NO,NO,null,null,null,null,null,NO,NEVER,null,YES
postgres,auth,mfa_challenges,verified_at,4,null,YES,timestamp with time zone,null,null,null,null,null,6,null,null,null,null,null,null,null,null,null,null,null,postgres,pg_catalog,timestamptz,null,null,null,null,4,NO,NO,null,null,null,null,null,NO,NEVER,null,YES
postgres,auth,mfa_challenges,ip_address,5,null,NO,inet,null,null,null,null,null,null,null,null,null,null,null,null,null,null,null,null,null,postgres,pg_catalog,inet,null,null,null,null,5,NO,NO,null,null,null,null,null,NO,NEVER,null,YES
postgres,auth,sso_providers,resource_id,2,null,YES,text,null,1073741824,null,null,null,null,null,null,null,null,null,null,null,null,null,null,null,postgres,pg_catalog,text,null,null,null,null,2,NO,NO,null,null,null,null,null,NO,NEVER,null,YES
postgres,auth,users,email_change_token_current,28,''::character varying,YES,character varying,255,1020,null,null,null,null,null,null,null,null,null,null,null,null,null,null,null,postgres,pg_catalog,varchar,null,null,null,null,28,NO,NO,null,null,null,null,null,NO,NEVER,null,YES
postgres,auth,flow_state,code_challenge,5,null,NO,text,null,1073741824,null,null,null,null,null,null,null,null,null,null,null,null,null,null,null,postgres,pg_catalog,text,null,null,null,null,5,NO,NO,null,null,null,null,null,NO,NEVER,null,YES
postgres,auth,saml_relay_states,request_id,3,null,NO,text,null,1073741824,null,null,null,null,null,null,null,null,null,null,null,null,null,null,null,postgres,pg_catalog,text,null,null,null,null,3,NO,NO,null,null,null,null,null,NO,NEVER,null,YES
postgres,auth,users,reauthentication_token,31,''::character varying,YES,character varying,255,1020,null,null,null,null,null,null,null,null,null,null,null,null,null,null,null,postgres,pg_catalog,varchar,null,null,null,null,31,NO,NO,null,null,null,null,null,NO,NEVER,null,YES
postgres,auth,sso_domains,domain,3,null,NO,text,null,1073741824,null,null,null,null,null,null,null,null,null,null,null,null,null,null,null,postgres,pg_catalog,text,null,null,null,null,3,NO,NO,null,null,null,null,null,NO,NEVER,null,YES
postgres,auth,saml_relay_states,for_email,4,null,YES,text,null,1073741824,null,null,null,null,null,null,null,null,null,null,null,null,null,null,null,postgres,pg_catalog,text,null,null,null,null,4,NO,NO,null,null,null,null,null,NO,NEVER,null,YES
postgres,auth,saml_relay_states,redirect_to,5,null,YES,text,null,1073741824,null,null,null,null,null,null,null,null,null,null,null,null,null,null,null,postgres,pg_catalog,text,null,null,null,null,5,NO,NO,null,null,null,null,null,NO,NEVER,null,YES
postgres,auth,sessions,user_agent,9,null,YES,text,null,1073741824,null,null,null,null,null,null,null,null,null,null,null,null,null,null,null,postgres,pg_catalog,text,null,null,null,null,9,NO,NO,null,null,null,null,null,NO,NEVER,null,YES
postgres,auth,flow_state,provider_type,6,null,NO,text,null,1073741824,null,null,null,null,null,null,null,null,null,null,null,null,null,null,null,postgres,pg_catalog,text,null,null,null,null,6,NO,NO,null,null,null,null,null,NO,NEVER,null,YES
postgres,auth,identities,provider_id,1,null,NO,text,null,1073741824,null,null,null,null,null,null,null,null,null,null,null,null,null,null,null,postgres,pg_catalog,text,null,null,null,null,1,NO,NO,null,null,null,null,null,NO,NEVER,null,YES
postgres,auth,mfa_amr_claims,authentication_method,4,null,NO,text,null,1073741824,null,null,null,null,null,null,null,null,null,null,null,null,null,null,null,postgres,pg_catalog,text,null,null,null,null,4,NO,NO,null,null,null,null,null,NO,NEVER,null,YES
postgres,auth,sessions,tag,11,null,YES,text,null,1073741824,null,null,null,null,null,null,null,null,null,null,null,null,null,null,null,postgres,pg_catalog,text,null,null,null,null,11,NO,NO,null,null,null,null,null,NO,NEVER,null,YES
postgres,auth,flow_state,provider_access_token,7,null,YES,text,null,1073741824,null,null,null,null,null,null,null,null,null,null,null,null,null,null,null,postgres,pg_catalog,text,null,null,null,null,7,NO,NO,null,null,null,null,null,NO,NEVER,null,YES
postgres,auth,identities,provider,4,null,NO,text,null,1073741824,null,null,null,null,null,null,null,null,null,null,null,null,null,null,null,postgres,pg_catalog,text,null,null,null,null,4,NO,NO,null,null,null,null,null,NO,NEVER,null,YES
postgres,auth,instances,raw_base_config,3,null,YES,text,null,1073741824,null,null,null,null,null,null,null,null,null,null,null,null,null,null,null,postgres,pg_catalog,text,null,null,null,null,3,NO,NO,null,null,null,null,null,NO,NEVER,null,YES
postgres,auth,flow_state,provider_refresh_token,8,null,YES,text,null,1073741824,null,null,null,null,null,null,null,null,null,null,null,null,null,null,null,postgres,pg_catalog,text,null,null,null,null,8,NO,NO,null,null,null,null,null,NO,NEVER,null,YES
postgres,auth,refresh_tokens,token,3,null,YES,character varying,255,1020,null,null,null,null,null,null,null,null,null,null,null,null,null,null,null,postgres,pg_catalog,varchar,null,null,null,null,3,NO,NO,null,null,null,null,null,NO,NEVER,null,YES
postgres,auth,schema_migrations,version,1,null,NO,character varying,255,1020,null,null,null,null,null,null,null,null,null,null,null,null,null,null,null,postgres,pg_catalog,varchar,null,null,null,null,1,NO,NO,null,null,null,null,null,NO,NEVER,null,YES
postgres,auth,refresh_tokens,user_id,4,null,YES,character varying,255,1020,null,null,null,null,null,null,null,null,null,null,null,null,null,null,null,postgres,pg_catalog,varchar,null,null,null,null,4,NO,NO,null,null,null,null,null,NO,NEVER,null,YES
postgres,auth,identities,email,8,null,YES,text,null,1073741824,null,null,null,null,null,null,null,null,null,null,null,null,null,null,null,postgres,pg_catalog,text,null,null,null,null,8,NO,NO,null,null,null,null,null,NO,ALWAYS,lower((identity_data ->> 'email'::text)),YES
postgres,auth,users,aud,3,null,YES,character varying,255,1020,null,null,null,null,null,null,null,null,null,null,null,null,null,null,null,postgres,pg_catalog,varchar,null,null,null,null,3,NO,NO,null,null,null,null,null,NO,NEVER,null,YES
postgres,auth,users,role,4,null,YES,character varying,255,1020,null,null,null,null,null,null,null,null,null,null,null,null,null,null,null,postgres,pg_catalog,varchar,null,null,null,null,4,NO,NO,null,null,null,null,null,NO,NEVER,null,YES
postgres,auth,users,email,5,null,YES,character varying,255,1020,null,null,null,null,null,null,null,null,null,null,null,null,null,null,null,postgres,pg_catalog,varchar,null,null,null,null,5,NO,NO,null,null,null,null,null,NO,NEVER,null,YES
postgres,auth,users,encrypted_password,6,null,YES,character varying,255,1020,null,null,null,null,null,null,null,null,null,null,null,null,null,null,null,postgres,pg_catalog,varchar,null,null,null,null,6,NO,NO,null,null,null,null,null,NO,NEVER,null,YES
postgres,auth,saml_providers,entity_id,3,null,NO,text,null,1073741824,null,null,null,null,null,null,null,null,null,null,null,null,null,null,null,postgres,pg_catalog,text,null,null,null,null,3,NO,NO,null,null,null,null,null,NO,NEVER,null,YES
postgres,auth,saml_providers,metadata_xml,4,null,NO,text,null,1073741824,null,null,null,null,null,null,null,null,null,null,null,null,null,null,null,postgres,pg_catalog,text,null,null,null,null,4,NO,NO,null,null,null,null,null,NO,NEVER,null,YES
postgres,auth,users,confirmation_token,9,null,YES,character varying,255,1020,null,null,null,null,null,null,null,null,null,null,null,null,null,null,null,postgres,pg_catalog,varchar,null,null,null,null,9,NO,NO,null,null,null,null,null,NO,NEVER,null,YES
postgres,auth,saml_providers,metadata_url,5,null,YES,text,null,1073741824,null,null,null,null,null,null,null,null,null,null,null,null,null,null,null,postgres,pg_catalog,text,null,null,null,null,5,NO,NO,null,null,null,null,null,NO,NEVER,null,YES
postgres,auth,users,recovery_token,11,null,YES,character varying,255,1020,null,null,null,null,null,null,null,null,null,null,null,null,null,null,null,postgres,pg_catalog,varchar,null,null,null,null,11,NO,NO,null,null,null,null,null,NO,NEVER,null,YES
postgres,auth,refresh_tokens,parent,8,null,YES,character varying,255,1020,null,null,null,null,null,null,null,null,null,null,null,null,null,null,null,postgres,pg_catalog,varchar,null,null,null,null,8,NO,NO,null,null,null,null,null,NO,NEVER,null,YES
postgres,auth,users,email_change_token_new,13,null,YES,character varying,255,1020,null,null,null,null,null,null,null,null,null,null,null,null,null,null,null,postgres,pg_catalog,varchar,null,null,null,null,13,NO,NO,null,null,null,null,null,NO,NEVER,null,YES
postgres,auth,users,email_change,14,null,YES,character varying,255,1020,null,null,null,null,null,null,null,null,null,null,null,null,null,null,null,postgres,pg_catalog,varchar,null,null,null,null,14,NO,NO,null,null,null,null,null,NO,NEVER,null,YES
postgres,auth,mfa_factors,secret,8,null,YES,text,null,1073741824,null,null,null,null,null,null,null,null,null,null,null,null,null,null,null,postgres,pg_catalog,text,null,null,null,null,8,NO,NO,null,null,null,null,null,NO,NEVER,null,YES
postgres,auth,audit_log_entries,ip_address,5,''::character varying,NO,character varying,64,256,null,null,null,null,null,null,null,null,null,null,null,null,null,null,null,postgres,pg_catalog,varchar,null,null,null,null,5,NO,NO,null,null,null,null,null,NO,NEVER,null,YES
postgres,auth,one_time_tokens,token_hash,4,null,NO,text,null,1073741824,null,null,null,null,null,null,null,null,null,null,null,null,null,null,null,postgres,pg_catalog,text,null,null,null,null,4,NO,NO,null,null,null,null,null,NO,NEVER,null,YES
postgres,auth,flow_state,authentication_method,11,null,NO,text,null,1073741824,null,null,null,null,null,null,null,null,null,null,null,null,null,null,null,postgres,pg_catalog,text,null,null,null,null,11,NO,NO,null,null,null,null,null,NO,NEVER,null,YES
postgres,auth,saml_providers,name_id_format,9,null,YES,text,null,1073741824,null,null,null,null,null,null,null,null,null,null,null,null,null,null,null,postgres,pg_catalog,text,null,null,null,null,9,NO,NO,null,null,null,null,null,NO,NEVER,null,YES
postgres,auth,one_time_tokens,relates_to,5,null,NO,text,null,1073741824,null,null,null,null,null,null,null,null,null,null,null,null,null,null,null,postgres,pg_catalog,text,null,null,null,null,5,NO,NO,null,null,null,null,null,NO,NEVER,null,YES
postgres,auth,mfa_factors,phone,9,null,YES,text,null,1073741824,null,null,null,null,null,null,null,null,null,null,null,null,null,null,null,postgres,pg_catalog,text,null,null,null,null,9,NO,NO,null,null,null,null,null,NO,NEVER,null,YES
postgres,auth,users,phone,22,NULL::character varying,YES,text,null,1073741824,null,null,null,null,null,null,null,null,null,null,null,null,null,null,null,postgres,pg_catalog,text,null,null,null,null,22,NO,NO,null,null,null,null,null,NO,NEVER,null,YES
postgres,auth,mfa_challenges,otp_code,6,null,YES,text,null,1073741824,null,null,null,null,null,null,null,null,null,null,null,null,null,null,null,postgres,pg_catalog,text,null,null,null,null,6,NO,NO,null,null,null,null,null,NO,NEVER,null,YES
postgres,auth,users,phone_change,24,''::character varying,YES,text,null,1073741824,null,null,null,null,null,null,null,null,null,null,null,null,null,null,null,postgres,pg_catalog,text,null,null,null,null,24,NO,NO,null,null,null,null,null,NO,NEVER,null,YES
postgres,auth,users,phone_change_token,25,''::character varying,YES,character varying,255,1020,null,null,null,null,null,null,null,null,null,null,null,null,null,null,null,postgres,pg_catalog,varchar,null,null,null,null,25,NO,NO,null,null,null,null,null,NO,NEVER,null,YES
postgres,auth,flow_state,auth_code,3,null,NO,text,null,1073741824,null,null,null,null,null,null,null,null,null,null,null,null,null,null,null,postgres,pg_catalog,text,null,null,null,null,3,NO,NO,null,null,null,null,null,NO,NEVER,null,YES
postgres,auth,mfa_factors,friendly_name,3,null,YES,text,null,1073741824,null,null,null,null,null,null,null,null,null,null,null,null,null,null,null,postgres,pg_catalog,text,null,null,null,null,3,NO,NO,null,null,null,null,null,NO,NEVER,null,YES